rank,node,influence_score,total_strength,out_strength,in_strength,degree,pagerank,betweenness,layer_count,participation
1,44,0.9662944703272862,49.0,49.0,49.0,26,0.03820561613967746,235.34168078389786,4,0.8277800916284882
2,23,0.850429953288959,46.0,46.0,46.0,22,0.03304246820799248,125.8930744291492,5,0.9463610586011342
3,51,0.8281107162969534,47.0,47.0,47.0,23,0.03490341905895967,112.95297237458352,4,0.8442734268899954
4,7,0.8247560343619295,44.0,44.0,44.0,29,0.03246883903583477,196.90424584676657,3,0.6779442148760331
5,34,0.7816401435590251,44.0,44.0,44.0,24,0.0308735743082785,106.24705096082313,4,0.9116735537190082
6,46,0.7533843218030273,41.0,41.0,41.0,19,0.029668090039532607,78.12499810951962,5,0.9592504461629981
7,26,0.6977849086622321,39.0,39.0,39.0,21,0.028146240075337114,75.57177793102348,4,0.8711374095989479
8,13,0.6390809125475522,32.0,32.0,32.0,17,0.024800020419044548,65.40995243019945,5,0.888671875
9,31,0.6345707897181005,35.0,35.0,35.0,19,0.024930820282859683,51.769203775022085,4,0.9346938775510205
10,8,0.6084799195694826,31.0,31.0,31.0,14,0.02380067117583106,41.86517718564051,5,0.9183142559833507
11,33,0.5909431362600204,32.0,32.0,32.0,15,0.022871892590433103,16.723916872767372,5,0.94482421875
12,21,0.586141529498716,30.0,30.0,30.0,18,0.024112718445970974,88.61562814349779,3,0.7555555555555555
13,37,0.5201588898692715,22.0,22.0,22.0,13,0.017651090980326665,58.263079337243404,5,0.9400826446280992
14,19,0.5114390859304233,25.0,25.0,25.0,18,0.018502344447992192,54.988050676699935,4,0.8160000000000001
15,11,0.5109771481750485,24.0,24.0,24.0,17,0.02069518725129081,70.9921557118848,4,0.6119791666666667
16,4,0.5065539691234109,21.0,21.0,21.0,14,0.017795459695097077,52.9067108728834,5,0.9126984126984128
17,25,0.5061596521332865,27.0,27.0,27.0,17,0.020496015708128115,53.16691533465703,3,0.7098765432098765
18,28,0.4957046343814916,25.0,25.0,25.0,12,0.018074433182104863,1.5135206907787553,5,0.9359999999999999
19,39,0.4880625299313713,21.0,21.0,21.0,14,0.017208989720148383,46.78989515072933,5,0.8219954648526078
20,30,0.47310893309869784,23.0,23.0,23.0,14,0.01699779724354092,9.91371063014593,5,0.8553875236294896
21,24,0.47124594683722554,25.0,25.0,25.0,13,0.018119418833911986,7.696842085503077,4,0.8399999999999999
22,35,0.44432516003867534,23.0,23.0,23.0,14,0.017232453598103784,27.68208549051463,3,0.8034026465028355
23,15,0.43231963450602473,19.0,19.0,19.0,10,0.016054498946383194,19.12865524875899,4,0.9141274238227147
24,6,0.42989555179170325,19.0,19.0,19.0,12,0.01647685932210351,24.91728143888733,4,0.817174515235457
25,40,0.4253755206189042,22.0,22.0,22.0,10,0.017808902160041044,8.424503022441264,3,0.8109504132231404
26,12,0.42137293139736254,17.0,17.0,17.0,9,0.01417990117160516,10.427305077103833,5,0.9429065743944637
27,17,0.4154646635663704,19.0,19.0,19.0,9,0.014689394603724468,10.65586549415497,4,0.9072022160664821
28,52,0.41498389334984515,20.0,20.0,20.0,10,0.015643033425764022,4.425924075924075,4,0.825
29,50,0.4110568524339614,18.0,18.0,18.0,9,0.014280077565863159,15.67558751018503,4,0.9182098765432098
30,47,0.4110145236260816,19.0,19.0,19.0,9,0.014826889738478267,1.812121212121212,4,0.9279778393351801
31,56,0.40675831856069783,17.0,17.0,17.0,11,0.014309751546378415,23.192596593293192,4,0.8823529411764706
32,5,0.40532891628949064,17.0,17.0,17.0,9,0.014761891545941678,14.84573526691174,4,0.9083044982698962
33,45,0.4009941848868131,20.0,20.0,20.0,8,0.016180435553963916,6.5936898455861295,3,0.83125
34,36,0.39099286291479673,18.0,18.0,18.0,10,0.013746901130694114,1.8506420352897432,4,0.8719135802469136
35,27,0.39014084061509097,18.0,18.0,18.0,13,0.014679421584939194,22.063536632869003,4,0.6404320987654322
36,29,0.3860380595797913,18.0,18.0,18.0,11,0.013595692469612234,0.9706635479216126,4,0.8410493827160493
37,20,0.3847904917861268,18.0,18.0,18.0,8,0.01492482701510998,14.695734767754894,3,0.8256172839506173
38,18,0.37949675224395457,17.0,17.0,17.0,15,0.01439605572777583,37.328742186271064,3,0.6920415224913495
39,42,0.34993852948753035,16.0,16.0,16.0,6,0.01349653451884011,0.9456709956709956,3,0.830078125
40,41,0.3498060953720286,16.0,16.0,16.0,8,0.0135289556036653,7.72786767521768,3,0.771484375
41,9,0.3410214027701483,13.0,13.0,13.0,8,0.011610909425549952,6.8583996032892465,4,0.8284023668639052
42,55,0.34098847037180446,12.0,12.0,12.0,6,0.012743634010431121,3.768351048900248,4,0.8506944444444444
43,58,0.34042332242778967,13.0,13.0,13.0,9,0.011442350856839558,7.452507313807623,4,0.8284023668639052
44,10,0.3353494196055575,13.0,13.0,13.0,7,0.01214055237201231,1.5498796810867752,4,0.7840236686390533
45,32,0.33421386778739326,16.0,16.0,16.0,11,0.012400144449045788,1.66586190133978,3,0.7421875
46,3,0.3331753781122247,15.0,15.0,15.0,10,0.013761316458725179,39.344364454600786,2,0.6
47,48,0.32424718685726867,12.0,12.0,12.0,6,0.01012142106394135,0.0,4,0.8854166666666667
48,14,0.31628923114667495,11.0,11.0,11.0,5,0.010607177090411295,0.0,4,0.8471074380165289
49,16,0.3147968772107676,11.0,11.0,11.0,6,0.010379111883932039,0.0,4,0.8471074380165289
50,49,0.30844006530096635,11.0,11.0,11.0,5,0.009407648221140059,0.0,4,0.8471074380165289
51,38,0.29797754109295893,9.0,9.0,9.0,7,0.009295629393956702,7.050970359190173,4,0.8333333333333335
52,54,0.2837863441883252,10.0,10.0,10.0,8,0.010814158701435785,13.211428277604746,3,0.675
53,2,0.25857550731763995,12.0,12.0,12.0,12,0.011772808992468787,42.26369928063507,2,0.19097222222222238
54,43,0.25238525227294384,9.0,9.0,9.0,8,0.008687872660894106,8.11862316953061,3,0.6172839506172839
55,53,0.2511631157117157,7.0,7.0,7.0,5,0.0077909406416081595,5.980409356725146,3,0.8163265306122449
56,57,0.24792903982691594,11.0,11.0,11.0,6,0.009823883891648594,0.5390040962621608,2,0.6198347107438018
57,61,0.23947616243419784,7.0,7.0,7.0,4,0.008407262128599014,0.0,3,0.7142857142857142
58,59,0.19816505270168594,7.0,7.0,7.0,6,0.008198392214701197,1.565909090909091,2,0.5102040816326531
59,22,0.1489111461081787,3.0,3.0,3.0,3,0.004469305208678039,0.37878787878787873,2,0.5555555555555556
60,1,0.061137239787225545,2.0,2.0,2.0,2,0.00407273163065555,0.23703703703703702,1,0.0
61,60,0.05964301135087366,2.0,2.0,2.0,2,0.003875164632044995,0.0,1,0.0
